**ЗАГАЛЬНЕ**,,
1000,Невідома помилка,"Стався невизначений та непередбачуваний виняток. Якщо це сталося, будь ласка, зробіть скріншот помилки та зверніться до служби підтримки для з'ясування та усунення проблеми."
1001,Запис не знайдено,"Запис з відповідним параметром запиту не знайдено в базі даних. Будь ласка, перевірте Ваш запит, звірте з документацією та надішліть повторно"
1002,Помилка перетворення XSLT. {0},"Помилка перетворення XSLT. Це трапляється, якщо ми не можемо перетворити XML документ, використовуючи XSLT шаблон та отримати xml структуру конверта. Будь ласка, зверніть увагу на деталі помилки та конкретний рядок."
1003,Погані дані зображення,"Не вдалося обробити зображення в запиті, спробуйте інший формат та/або властивості зображення"
1004,"Порожнє значення для обов'язкового поля","Ви надіслали порожнє значення для обов’язкового поля. Будь ласка, перевірте параметри запиту та відправте ще раз"
1005,Занадто багато запитів,"Ви надіслали забагато запитів для певної кінцевої точки та користувача. Будь ласка, спробуйте ще раз через 10 хвилин"
1006,Валідація не пройшла. {0},"Ви отримаєте цю помилку, якщо будь-які правила перевірки полів не вдалися. Перегляньте деталі помилки, щоб знайти конкретне поле та правило невдалої перевірки"
1007,Документ змінений,"Документ уже змінено. Будь ласка, надішліть запит на оновлений документ, а потім змініть його"
1008,Неправильний XML. {0},"Структура XML невірна, прочитайте опис помилки для уточнення деталей"
1009,Код підтвердження відсутній,"У запиті не вказано код підтвердження. Будь ласка, перевірте свій запит, звірте з документацією та надішліть повторно"
1010,"Будь ласка, спробуйте пізніше. На даний момент відбувається формування файлів","На даний момент відбувається формування файлів. Щоб сформувати файли ще раз, будь ласка, зачекайте, доки цей процес завершиться, а потім повторіть спробу"
1011,Неочікуваний тип вмісту: {0},"Тип завантаженого документа невірний або не відповідає дозволеним. Допустимі типи: CSV, XLS"
1012,Не вдається обчислити хеш файлу,Додаток не може обчислити хеш надісланого вами файлу
1013,"Поле '{0}' повинно мати довжину від {1} символів",Введена кількість символів менша за мінімально допустиму довжину символів
1014,"Поле '{0}' повинно мати довжину менше {1} символів",Кількість введених символів перевищує допустиму максимальну довжину символів
1015,"Поле '{0}' повинно мати довжину від {1} до {2} символів",Введена кількість символів повинна знаходитися в інтервалі валідації
1016,Непідтримувана локаль: {0},Локальність не підтримується системою
1017,{0},"Відбулася перевірка пароля. Пароль повинен бути більш складним та містити латинські символи в нижньому та верхньому регістрах, а також спеціальні символи"
1018,Невірній часовий пояс: {0},Часовий пояс не підтримується системою
1019,Файл не готовий до завантаження,"Файл, який ви запитуєте, не готовий до завантаження. Будь ласка, зачекайте дейкий час та спробуйте ще раз"
1020,"Невірне ім'я файлу: {0}","Ім'я файлу невірне"
1021,Помилка завантаження файлу: {0},"Файл не може бути завантажений. Будь ласка, зверніть увагу на пояснення в повідомленні про помилку"
1022,"Обов'язковий заголовок запиту '{0}'","У цьому запиті обов'язковим є заголовок запиту. Будь ласка, перевірте свій запит, звірте з документацією та надішліть повторно"
1023,"Обов'язковий параметр запиту '{0}'","Необхідний параметр запиту. Будь ласка, перевірте свій запит, порівняйте з документацією та надішліть ще раз"
1024,"Обов'язковий параметр тіла запиту '{0}'","У цьому запиті обов'язково потрібно вказати тіло запиту. Будь ласка, перевірте свій запит, порівняйте з документацією та надішліть повторно"
1025,"Обов'язковий параметр шляху до запиту '{0}'","У цьому запиті необхідний параметр шляху запиту. Будь ласка, перевірте свій запит, порівняйте з документацією та надішліть ще раз"
1026,Помилка аутентифікації,"Помилка аутентифікації, будь ласка, перевірте логи"
1027,Термін дії токену автентифікації закінчився або його відкликано,Термін дії токену автентифікації минув або його було скасовано. Для вирішення проблеми авторизуйтеся ще раз
1028,Стандартні виключення Spring MVC: {0},Виникло одне зі стандартних винятків сервера. Перегляньте повідомлення про помилку та перевірте дані запиту на наявність помилок
1029,"Файл '{0}' перевищив максимальний розмір: {1} > {2}","Розмір файлу перевищує ліміт для завантаження. Будь ласка, зверніть увагу на максимальний розмір у коді помилки та спробуйте завантажити файл з меншим розміром."
1030,"Невідповідність типу файлу для зображення '{0}'","Тип файлу зображення не відповідає дозволеним типам файлів. Дозволені типи файлів: png, jpg, jpeg."
1031,"Зображення '{0}' перевищило максимальний розмір: {1}x{2}","Розмір зображення перевищує ліміт для завантаження. Будь ласка, зверніть увагу на максимальний розмір у коді помилки та спробуйте завантажити файл з меншим розміром."
1032,Вкладення {0} не знайдено,"Вкладення з введеним UUID не знайдено. Будь ласка, перевірте правильність введеного значення"
1033,"Вкладення '{0}' не має формату {1}","Вкладення не може бути завантажено через неправильний формат файлу. Будь ласка, використайте один з дозволених форматів зі списку"
1034,"Джерело зображення '{0}' невірне","Тег image підтримує тільки префікси 'data:' і 'image-uuid:' для атрибута source"
1035,"Атрибут Hash повинен мати значення '{0}'",Атрибут Hash необхідний для підписання документа
1036,"Хеші зображень не збігаються для '{0}'",Перевірте правильність хешів для зображень
1037,Повторне використання пароля неможливе,Не використовуйте попередні паролі
1038,"Будь ласка, прийміть Загальні положення та умови та Політику конфіденційності","Будь ласка, прочитайте та прийміть Загальні положення та умови та Політику конфіденційності."
1039,Зображення {0} було завантажено іншою поштовою скринькою {1},Зображення не може бути використано в поточній поштовій скриньці
1040,Для діапазону повинно бути вказано 2 дати,Неправильно вказано діапазон дат. Правильний формат діапазону - дата/дата у форматі дати ISO 8601
1041,Запитаний діапазон поза межами,Запитаний діапазон поза межами
1042,Ланцюг коментарів {0} не знайдено,"Ланцюг коментарів з введеним UUID не знайдено. Будь ласка, перевірте правильність введених даних"
1043,Доступ до ланцюгу коментарів {0} заборонено,"Доступ до ланцюгу коментарів з введеним UUID заборонено. Будь ласка, перевірте правильність введених даних"
1044,Повідомлення з ідентифікатором {0} в ланцюзі коментарів {1} не знайдено,"Такого повідомлення немає в ланцюзі коментарів. Будь ласка, перевірте правильність введених даних"
1045,Основна тема для ланцюга вже існує,"Будь ласка, вкажіть XPath і створіть нову тему"
1046,Ланцюг {0} вже вирішено або видалено і не може бути змінено,Немає можливості оновлювати ланцюг
1047,"Вкладення '{0}' перевищено максимальну довжину імені: {1}","Довжина імені вкладеного файлу перевищує ліміт для завантаження. Будь ласка, зверніть увагу на максимальну довжину в коді помилки і спробуйте завантажити файл з меншою довжиною"
1048,Термін дії пароля закінчився,"Будь ласка, оновіть пароль"
1049,"Щоб захистити ваш обліковий запис від злому, ми тимчасово заблокували можливість авторизації. Зачекайте {0} хвилин або натисніть ""Забули пароль?""","Будь ласка, зачекайте трохи та спробуйте пізніше"
1050,"Дозволено лише один сеанс. Будь ласка, вийдіть з іншого",Додаткова сесія заблокована
1051,IP-адреса заблокована,Зверніться до адміністратора платформи/облікового запису
1052,Неправильний формат IP або IP-діапазону для [{0}].,"Будь ласка, виправте формат IP"
1053,Підсервіс недоступний: {0},"Існує інфраструктурна проблема. Будь ласка, спробуйте пізніше"
1054,Помилка підсервісу з повідомленням: {0},Виникла помилка на стороні субсервісу
1055,Занадто великий запит,"Будь ласка, зменшіть розмір файлу/запиту"
1056,Очікується електронний лист для авторизації SSO,"Будь ласка, змініть ім'я користувача на електронну пошту у вашому постачальнику ідентифікаційних даних"
1057,Непідтримуваний рівень доступу: {0},Рівень доступу в цьому контексті не підтримується
1058,Спільна категорія може належати тільки до спільної категорії,Спільна категорія може належати тільки до спільної категорії
1059,"uuids' або 'searchParams' повинні бути вказані окремо","Будь ласка, надішліть 'uuids' або 'searchParams'"
1060,"Зображення '{0}' менше мінімального розміру: {1}x{2}","Розмір зображення менший за ліміт для завантаження. Будь ласка, зверніть увагу на мінімальний розмір у коді помилки та спробуйте завантажити файл з більшим розміром."
1061,"Неправильно вказана адреса електронної пошти або пароль. Спробуйте ще раз або натисніть ""Забули пароль?"", щоб скинути його.",Введена адреса електронної пошти або пароль невірні
1062,"Неправильно вказана адреса електронної пошти або пароль. У вас залишилася 1 спроба. Щоб уникнути тимчасового блокування, натисніть ""Забули пароль?""",Введена адреса електронної пошти або пароль невірні
1063,{0},Запит відхилено системою
1064,"Будь ласка, увійдіть за допомогою SSO",Корпоративний користувач не може зареєструватися або увійти за допомогою пароля
1065,Неправильний формат коду,"Будь ласка, надішліть правильний код з електронної пошти"
1066,Поле {0} не може бути порожнім,"Будь ласка, встановіть значення поля"
1068,Непідтримуваний формат {0},Цей формат неможливо обробити
1069,Для спільних поштових скриньок необхідно вказати рівень доступу = спільний,"Перевірте, чи заповнені спільні поштові скриньки"
**КОРИСТУВАЧ/ПРОФІЛЬ**,,
10001,Користувача {0} не знайдено,Користувача із запитуваним UUID не знайдено
10002,Користувача {0} видалено,Користувач був видалений і не може бути використаний
10003,Підтверджуюче повідомлення не дійсне,"Введене підтверджувальне повідомлення не є дійсним. Підтверджувальне повідомлення має бути електронною адресою користувача у верхньому регістрі (наприклад: ""EMAIL@EXAMPLE.COM"")"
10004,Така електронна пошта вже використовується: {0},Користувач з такою електронною поштою вже зареєстрований
10005,Користувач вже активований,Користувач вже активований. Для роботи в системі необхідно авторизуватися
10006,Запрошення для іншого користувача,"Відкритий вміст не належить вашому конкретному користувачеві, увійдіть з іншими обліковими даними, щоб мати змогу переглянути вміст"
10007,Повідомлення користувача {0} не знайдено,Немає повідомлень для поточного користувача
10008,Код підтвердження електронної пошти не знайдено або закінчився термін дії,Не знайдено або закінчився термін дії коду підтвердження електронної пошти. Перевірте правильність введеного коду або надішліть новий.
10009,Код запрошення не знайдено або минув термін дії,Код запрошення не знайдено або термін дії запрошення закінчився. Перевірте правильність введеного коду або попросіть надіслати новий.
10010,"Термін дії вашого запрошення закінчився, будь ласка, підтвердіть реєстрацію",Термін дії коду запрошення закінчився. Спробуйте зареєструватися звичайним способом та підтвердити електронну пошту.
10011,Запрошення не знайдено або термін дії запрошення закінчився,Запрошення для поточного користувача не існує або закінчився термін дії
10012,Email запрошення порожній,"Неможливо створити запрошення через порожнє поле обов'язкової електронної пошти"
10013,Обліковий запис не надано для оновлення,"У запиті пропущений параметр облікового запису. Будь ласка, перевірте свій запит, порівняйте з документацією та надішліть ще раз"
10014,Не надано дозволів на оновлення,"У запиті відсутній перелік дозволів. Будь ласка, перевірте свій запит, звірте з документацією та надішліть повторно"
10015,"Використовується невірна роль '{0}'","Роль невірна для поточного запиту, будь ласка, перевірте, що введений UUID ролі існує"
10017,"Колір '{0}' має неправильний формат","Невірний формат кольору у запиті. Будь ласка, використовуйте формат кольору #FFFFFF"
10018,Користувач вже заблокований,Користувача вже заблоковано
10019,Невірна дата ISO: {0},"Формат дати неправильний, будь ласка, використовуйте формат дати ISO 8601"
10020,Вже запрошені,"Цей користувач вже запрошений до цього об'єкта"
10021,Корпоративний користувач не може себе видалити,Видалити корпоративного користувача може тільки адміністратор облікового запису
10022,Корпоративний користувач не може створити новий обліковий запис,За обліковим записом вже закріплений корпоративний користувач і його неможливо змінити
10023,Користувач {0} не є корпоративним,Поточна дія може бути застосована тільки для корпоративного користувача
10024,"Користувач '{0}' вже має доступ до облікового запису/поштової скриньки","Даний користувач вже має доступ до цих об'єктів"
10025,Неправильний пароль,"Старий пароль невірний. Будь ласка, перевірте правильність введеного пароля"
10026,Користувач неактивний,Користувач ще не підтвердив електронну пошту
10027,Користувач {0} є корпоративним,Поточна дія може бути застосована тільки для не корпоративного користувача
10028,Для рахунку компанії необхідно вказати ІПН,"Будь ласка, додайте відсутні властивості до запиту"
10029,Невірний номер телефону,Номер телефону повинен бути в міжнародному форматі
10030,Ця кінцева точка може бути виконана тільки для користувача з простроченим паролем,"Активний користувач має використовувати іншу кінцеву точку, перевірте документацію"
10031,Користувач вже існує,Електронна пошта вже зареєстрована в системі
10032,Користувача заблоковано,Попросіть свого системного адміністратора розблокувати
10033,Термін дії запису перевірки минув,"Будь ласка, повторіть операцію"
**ОБЛІКОВИЙ ЗАПИС**,,
20001,Обліковий запис {0} не знайдено,"Обліковий запис з введеним UUID не знайдено. Будь ласка, перевірте дані запиту"
20002,Обліковий запис {0} видалено,Обліковий запис із введеним UUID рахунку видалено
20004,Дозволяється використовувати тільки одну поштову скриньку,В даному запиті допускається вказати тільки одну поштову скриньку
20005,Роль немає облікового запису,"UUID облікового запису є необхідним параметром у запиті. Будь ласка, введіть дійсний UUID облікового запису для створення ролі"
20006,Роль {0} не знайдено,"Роль із зазначеним UUID у запиті не знайдено. Будь ласка, перевірте дані запиту"
20007,Роль з такою назвою вже існує,"Роль з такою назвою вже існує. Будь ласка, введіть нову назву або видаліть існуючу роль"
20008,Не знайдено даних про права доступу до ролей,"У цьому запиті необхідні дані про права доступу до ролей. Будь ласка, перевірте дані запиту, звірте їх з документацією та надішліть повторно"
20009,Тип ролі не знайдено,"У запиті невірно вказано тип ролі. Підтримувані типи ролей: Обліковий запис, Поштова скринька та Система. Будь ласка, перевірте дані запиту, звірте їх з документацією і відправте повторно"
20010,Непідтримуваний набір дозволів,"У запиті невірно вказані дозволи. Будь ласка, перевірте дані запиту, звірте їх з документацією та надішліть повторно"
20011,"Батьківська категорія не повинна мати рівень доступу вище, ніж підлеглий","Батьківська категорія не повинна мати рівень доступу вище, ніж підлеглий"
20012,"Рахунок '{0}' не має інших власників",Обліковий запис з введеним UUID не має інших власників. Додайте принаймні ще одного власника облікового запису і повторіть дію ще раз
20013,"Доменне ім'я облікового запису не знайдено","Ім'я домену облікового запису порожнє в тілі запиту на створення домену"
20014,Розмір доменного імені облікового запису перевищив максимальний розмір 256,"Ім'я домену облікового запису перевищує максимально допустимий розмір (256 символів) в тілі запиту на створення домену"
20015,"Не вдається вирішити домен '{0}'","Домен не може бути дозволений до IP. Можливо, він не існує"
20016,"Неможливо використовувати домен '{0}'",Домен вже верифікований і використовується іншим обліковим записом або вже доданий до поточного облікового запису
20017,"Домен '{0}' не знайдено",Домен не знайдено в базі даних по домену domainUuid
20018,Невідомий метод перевірки домену,При виконанні запиту на перевірку домену в тілі запиту не знайдено метод перевірки домену
20019,Домен вже перевірений,Домен вже верифікований і інформація про верифікацію не може бути змінена
20020,Активувати можна тільки НЕАКТИВНІ домени,Неможливо активувати неперевірений або вже активований домен
20021,Деактивувати можна тільки АКТИВНІ домени,Неможливо деактивувати неперевірений або вже деактивований домен
20022,Закінчився термін перевірки домену,"Термін дії перевірки домену закінчився. Будь ласка, використовуйте метод підтвердження для поновлення верифікації"
20023,Інформація про домен не знайдена,Інформація про перевірку домену не знайдена при підтвердженні або перевірці домену
20024,"Домен '{0}' вже верифікований іншим обліковим записом","Домен пройшов верифікацію, але він вже був доданий і верифікований іншим обліковим записом."
20025,Домен та обліковий запис не збігаються,"Ви намагаєтеся отримати доступ до домену, який не належить поточному обліковому запису"
20026,"Політика користувача для облікового запису повинна бути жорсткішою, ніж глобальна.","Будь ласка, перевірте глобальні політики користувача /api/v1/settings"
20027,"Домен '{0}' має бути перевірений та активний",Домен не активний при створенні корпоративного користувача
20028,Конфлікт дозволів на запрошення,"Користувач вже мав доступ до об'єкту і його більше не можна запросити до цього об'єкту"
20029,Ролі та дозволи запрошень порожні,"У запиті відсутні ролі або дозволи. Будь ласка, перевірте свій запит, звірте з документацією та надішліть повторно"
20030,"Аккаунт '{0}' не має підтверджених доменів",Акаунт не має підтверджених доменів
20031,Помилка під час генерації XLSX,Помилка формування файлу XLSX
20032,Лист користувача не знайдено,Корпоративний імпортований файл excel не має аркуша з користувачами
20033,Дублікат користувача {0},Дубльована електронна адреса користувача у файлі імпорту корпоративних користувачів
20034,Неправильний uuid облікового запису {0} в таблиці користувачів облікового запису,Неправильний uuid облікового запису знайдено в таблиці користувачів облікового запису
20035,Клітинка A1 не знайдена в таблиці користувачів облікового запису,Клітинку A1 не знайдено на аркуші користувачів облікового запису
20036,Поштова скринька {0} не належить обліковому запису або не існує,Поштова скринька не належить обліковому запису або не існує
20037,Знайдено дубльований лист поштової скриньки {0},"Знайдено більше одного аркуша з однаковим UUID поштової скриньки, хоча має бути лише один"
20038,Клітинку A1 не знайдено на аркуші користувачів поштової скриньки,Клітинку A1 не знайдено на аркуші користувачів поштової скриньки
20039,Невизначеного користувача {0} знайдено,"Знайдено електронну адресу користувача, яка не вказана на аркуші користувача"
20040,Помилка переліку ролей для користувача {0},Вказана роль (ролі) не існує або належить іншому обліковому запису
20041,Помилка дозволів у списку для користувача {0},Перелічені дозволи не існують
20042,Не вдається відкрити файл як електронну таблицю,Завантажений файл не є коректним XLSX файлом
20043,"Роль {0} не може бути видалена, оскільки вона призначена користувачам або запрошенням",Роль використовується і призначається користувачам або запрошенням
20044,Сума літер різних типів не може бути більшою за максимальну довжину,"Будь ласка, оновіть політику паролів з коректними значеннями"
20045,Користувач не належить до облікового запису,Зазначений користувач(користувачі) належить до іншого облікового запису
20046,"SSO Identity Provider '{0}' не знайдено",Постачальник ідентифікаційних даних SSO відсутній в базі даних
20047,Метадані URL або XML повинні бути вказані окремо,"Будь ласка, введіть тільки URL або XML"
20048,Помилка завантаження/розбору метаданих,"Метадані неможливо завантажити або проаналізувати без помилки. Будь ласка, перевірте URL або XML"
20049,IdP та обліковий запис не збігаються,"Ви намагаєтеся отримати доступ до IdP, який не належить поточному обліковому запису"
20050,Домен не існує або не активний,"Будь ласка, активуйте домен"
20051,"SSO Identity Provider не знайдено для домену '{0}'","Для домену не знайдено SSO Identity Provider. Будь ласка, встановіть IdP"
20052,"SSO Identity Provider '{0}' використовується для домену і не може бути видалений","Скасуйте призначення IdP. Провайдер SSO Identity Provider використовується для домену, і його неможливо видалити."
20053,"SSO Identity Provider '{0}' має бути унікальним у системі",Перевірте метадані. SSO Identity Provider має бути унікальним у системі
20054,Назва вулиці має містити від 1 до 200 символів,Назва вулиці має містити від 1 до 200 символів
20055,Назва міста має містити від 1 до 200 символів,Назва міста має містити від 1 до 200 символів
20056,Назва регіону має містити від 1 до 200 символів,Назва регіону має містити від 1 до 200 символів
20057,Назва країни має містити від 1 до 100 символів,Назва країни має містити від 1 до 100 символів
20058,Поштовий індекс має містити від 1 до 10 символів,Поштовий індекс має містити від 1 до 10 символів
20059,Відформатована адреса має містити від 1 до 300 символів,Відформатована адреса має містити від 1 до 300 символів
20060,Платіжну адресу облікового запису не знайдено,"Платіжну адресу облікового запису не знайдено, будь ласка, створіть нову"
**ПОШТОВА СКРИНЬКА (МЕЙЛБОКС)**,,
30001,Поштова скринька {0} не знайдена,Введена поштова скринька не знайдена в системі
30002,Поштова скринька {0} видалена,"Поштова скринька була видалена. Будь ласка, використовуйте активну поштову скриньку."
30003,"Ім'я поштової скриньки не може бути порожнім","Ім'я поштової скриньки не повинно бути порожнім. Воно повинно містити хоча б один символ"
30004,Довжина імені поштової скриньки перевищує 256,Довжина імені скриньки не може перевищувати 256 символів
30005,Псевдонім поштової скриньки не може бути порожнім,Псевдонім поштової скриньки не повинен бути порожнім. Він повинен містити не менше 3 символів
30006,Перевищено максимальний розмір псевдоніма поштової скриньки,Довжина псевдоніма поштової скриньки не може перевищувати 256 символів
30007,Псевдонім не знайдено або приєднано до іншої поштової скриньки,"Псевдонім, який ви намагалися видалити, не знайдено або пов'язаний з іншою поштовою скринькою"
30008,Категорія {0} не знайдено,Категорія з введеним вами UUID не існує або не знайдена
30010,Категорія {0} не знайдена,Категорія з введеним вами ID не існує або не знайдена
30011,Невірне значення parentId,Ідентифікатор батьківської категорії не дійсний
30012,Псевдонім вже існує,Псевдонім з введеним іменем вже існує
30013,Порожній ідентифікатор категорії,"Ідентифікатор категорії в запиті порожній. Будь ласка, введіть необхідний параметр"
30014,Неможливо змінити категорію доступу на офіційну,Змінити доступ до категорії на офіційний неможливо. Офіційні категорії може створювати тільки користувач системи.
30015,Категорія вже існує,Категорія з введеним ідентифікатором вже існує
30016,Поштова скринька {0} не належить до облікового запису,"Поштова скринька не належить цьому обліковому запису. Перевірте свій запит і переконайтеся, що поштова скринька, яку ви хочете запросити, належить до облікового запису"
30017,Поштова скринька {0} не має інших власників,Поштова скринька немає іншого власника і не може бути залишена
30018,Поштова скринька відправника не знайдена,"Поштова скринька UUID відправника не знайдена, перевірте коректність запиту"
30019,UUID поштової скриньки порожній,UUID поштової скриньки не може бути порожнім
30020,UUID поштової скриньки недійсний або порожній,"UUID поштової скриньки невірний або порожній. Будь ласка, надішліть коректний запит з коректним UUID поштової скриньки"
30021,Для псевдоніму заборонена електронна пошта,"Будь ласка, не використовуйте електронну пошту як псевдонім, щоб уникнути непорозумінь"
**ШАБЛОН**,,
40001,Документ {0} не знайдено,"Документ з введеним ідентифікатором не знайдено. Будь ласка, перевірте правильність введеного ідентифікатора"
40002,Шаблон {0} заархівовано,Шаблон з введеним ID архівується. Використовувати заархівовані шаблони не можна.
40003,Шаблон {0} не знайдено,"Шаблон з введеним UUID не знайдено. Будь ласка, перевірте правильність введеного UUID"
40004,Дані шаблону {0} не знайдено,"Дані шаблону не знайдено в сховищі. Будь ласка, перевірте Ваш запит, звірте з документацією та надішліть повторно"
40005,Дані шаблону {0} не знайдено,"Дані шаблону не знайдено в сховищі. Будь ласка, перевірте свій запит, порівняйте з документацією та надішліть ще раз"
40006,"Шаблон повинен мати рівень доступу, що дорівнює або перевищує рівень доступу категорії",Рівень доступу до шаблону має бути рівним або вищим за рівень доступу категорії
40009,"Повинні мати інші ролі, крім відправника","Шаблон повинен мати хоча б одну іншу роль, крім відправника"
40010,Повинен бути тільки 1 відправник,Шаблон має містити лише одну роль із типом Відправник
40011,Першу роль має відігравати відправник,Першу роль у потоці шаблонів має відігравати відправник
40012,Повинно бути мінімум 2 ролі,"Шаблон повинен мати щонайменше дві ролі, одна з яких є обов'язковою для відправника, а інша - для одержувача або підписанта"
40013,"Роль '{0}' не має призначених полів","Роль в шаблоні не має призначених полів. Будь ласка, додайте поля з призначеними для цієї ролі або зробіть цю роль копією"
40014,Повідомлення повинно бути раніше закінчення терміну дії,"Якщо термін дії конверта закінчується через 3 дні, ми не можемо повідомити на 5-й день. Установіть expire.notifyIn < expire.after"
40015,Ролі підписантів без підписів: {0},Роль підписувача не має пов’язаного з ним поля підпису в шаблоні. Додайте або видаліть роль підписувача
40016,Наступні поля призначені для неіснуючих ролей: {0},"Поля призначені неіснуючим ролям. Будь ласка, перепризначте поля існуючим ролям або видаліть їх"
40017,Наступні ролі не мають призначених полів: {0},"Роль з певним ID не має призначених полів у документах. Будь ласка, додайте поля, видаліть ролі або встановіть роль як копію"
40018,"Помилка перевірки шаблону при пошуку документа '{0}' в документі '{1}'. Пов'язане поле '{2}' не знайдено в полях документа","Поле пошуку не має пов'язаного з ним поля словника в документі. Будь ласка, додайте поле словника до документа або видаліть поле пошуку"
40019,"Помилка перевірки шаблону в документі '{0}' при пошуку '{1}'. Пов'язане поле не може бути використано як джерело пошуку",Поле пошуку не має відповідного джерела в словнику. Перевірте доступність словника/словникової статті або видаліть поле пошуку
40020,Дубльовані ідентифікатори документів: {0},Ідентифікатори документів дублюються в шаблоні. Ідентифікатори документів повинні бути унікальними всередині шаблону
40021,Повторювані назви документів: {0},Назви документів дублюються в шаблоні. Назви документів повинні бути унікальними всередині шаблону
40022,"Поле '{0}' має min значення > max значення",Введені значення мінімального значення більше максимального. Неможливо задати такі параметри для поля.
40023,"Поле '{0}' має значення точності більше допустимого {1}","Введене значення точності для поля більше, ніж дозволено для даного типу поля"
40025,Шаблон {0} вже видалено,Template був видалений і міг бути використаний для створення конвертів
40026,Порожні дані шаблону,"Параметр даних шаблону порожній. Будь ласка, використовуйте дійсну структуру запиту"
40029,"Принаймні одне необов'язкове поле в таблиці '{0}'","Принаймні одне поле таблиці має бути необов’язковим, а також це поле має бути призначено власнику таблиці"
40030,"Динамічний заголовок таблиці не знайдено. Ім'я таблиці: {0}",Структура таблиці не є правильною. Таблиця повинна містити заголовок.
40031,"Динамічний рядок заголовка таблиці не знайдено. Ім'я таблиці: {0}",Структура таблиці неправильна. Таблиця повинна містити лише один головний рядок.
40032,"Динамічний заголовок таблиці рядків стовпців не знайдено. Ім'я таблиці: {0}",Структура таблиці не є правильною. У структурі таблиці повинні бути стовпці.
40033,"Динамічна таблиця всередині іншої таблиці заборонена. Ім'я батьківської таблиці: {0}",Неможливо мати динамічну таблицю всередині іншої динамічної таблиці
40034,"Динамічне тіло таблиці не знайдено. Ім'я таблиці: {0}",Структура таблиці не є правильною. Таблиця повинна містити тіло.
40035,Заборонений атрибут стилю: {0},Атрибут таблиці заборонений. Допустимі атрибути для таблиці: margin
40036,"Поле '{0}' присвоєно не тій ролі","Поле, назначенное роли, которая не может заполнять данные. Ограниченные роли: Подписант и Копия."
40037,"Помилка перевірки шаблону в документі поле '{0}' має неправильне ім'я: '{1}'","Поля в шаблоні не повинні містити пробілів або спеціальних символів. Будь ласка, використовуйте такі імена, як name, name1, name_1"
40038,Рядків не знайдено,Таблиця повинна містити як мінімум 1 рядок
40039,"Підпис призначено ролі, що не має права підпису {0}","Поле підпису призначено ролі, яка відрізняється від підписанта, будь ласка, перепризначте поле або видаліть поле підпису"
40040,"Дублюється ім'я підписувача в документі {0}",Назви полів підпису дублюються. Документ повинен мати унікальні назви полів
40041,"Відсутній розділ інформації про документ, ідентифікатор документа: {0}","Структура даних шаблону невірна. Будь ласка, додайте інформаційні розділи до структури документа"
40042,Занадто багато підписів на одну роль {0},Роль підписувача може мати одне поле для підпису на один документ.
40043,Занадто багато полів у документі,Зовнішній документ може містити тільки одне поле вкладення
40044,"Неочікуваний тип поля '{0}'","Тип поля, що вводиться, не підтримується. Підтримувані типи полів: текст, число, гроші, дата, час, вибір-словник, так, ні, вкладення"
40045,Неочікуваний вміст тіла документа: {0},"Для зовнішнього документа допускається тільки один тип поля ""вкладення"""
40046,"Ім'я динамічної таблиці не знайдено","Не вказано ім'я динамічної таблиці"
40047,Динамічна таблиця roleId не знайдено,Поле таблиці не має призначеної ролі
40048,Шаблон не має підписів,"Документи в шаблоні не мають поля підписів, але мають роль підписувача. Додайте поля для підписів або видаліть роль підписувача та повторіть спробу"
40049,Підпис за ідентифікатором ролі не знайдено,Поле підпису не має ролі з UUID відповідної ролі. Додайте роль підписувача або видаліть поле підпису та повторіть спробу
40050,Не вдається змінити шаблон доступу до офіційного сайту,Не вдалося змінити рівень доступу до шаблону на офіційний. Змінити рівень доступу до офіційного може тільки користувач системи
40051,Шаблон {0} невідповідність версії {1},"Шаблон UUID і версія шаблону не збігаються. Будь ласка, перевірте правильність версії шаблону та вмісту шаблону"
40052,Роль шаблону {0} не знайдено,Шаблон не має ролі з цим UUID
40053,У підписі шаблону «{0}» повинні бути заповнені обидва поля ITN,"Будь ласка, заповніть як itnDocumentId, так і itnFieldName або жодного з них"
40054,"Поле ІПН '{0}' не знайдено для підпису '{1}'","Переконайтеся, що документ має правильне поле ІПН, призначене для підпису"
40055,"Поле ІПН '{0}' має неправильний тип або місце в документі","Перевірте, що поле ІПН є одним з (текстове поле, пошук, вибірка-словник), не є необов'язковим, відсутнє в таблиці"
40056,Немає доступу до шаблону {0},Шаблон не має ролі з UUID
40057,Батьківський елемент повторюваного поля {0} не знайдено,Дублікат поля не має батьківського поля в шаблоні
40058,Властивість «relatedTo» не може бути порожньою для поля «Дублікат».,Заповніть властивість належним значенням
40059,Непідтримуваний тип {0} батьківського поля для дублікату {1},Цей тип не допускається для дублікатів батьківських полів
40060,Відсутній порядок ролі,"Ролі не заданий порядок, тоді як порядок має бути встановлений вручну"
40061,Всі ролі в однаковому порядку,Всі ролі в однаковому порядку в потоці шаблонів
40062,Роль {0} слід замовляти після {1}.,Налаштовано неправильний порядок ролей потоку шаблону
40065,"Ім'я поля, що дублюється: {0}",Дублюється назва поля
40066,Категорія або одна з підкатегорій не порожня,У категорії або одній з її підкатегорій є активний шаблон
40067,Неможливо перейти до цієї категорії,"Неможливо перемістити категорію в категорію, яку ви збираєтеся видалити"
40069,Шаблон має ролі з однаковим id: {0}.,"Синтаксична помилка шаблону. Будь ласка, перевірте ідентифікатори ролей та зробіть їх унікальними"
40070,Неможливо поділитися шаблоном з самим собою,Поштова скринька творця не повинна бути в списку sharedTo
40071,Спільному шаблону можна призначити лише спільні категорії,Спільному шаблону можна призначити лише спільні категорії
40072,"Поле '{0}' недоступне для пошуку","Підтримувані типи полів, за якими можна здійснювати пошук: текст, число, гроші, дата, час, вибірка-словник, дублікати, пошук"
40073,"Поле '{0}' з формули '{1}' не знайдено","Будь ласка, перевірте всі поля у формулі"
40074,"Неправильна формула з ім'ям '{0}'. Перевірте підтримувані операції","Будь ласка, перевірте формулу"
40075,Рекурсивний виклик у формулах,"Будь ласка, перевірте формули"
40076,Штамп не підтримується,"Будь ласка, не використовуйте штампи"
**КОНВЕРТ**,,
50001,"Поле ""Конверт"" порожнє","Обов'язкове поле на конверті порожнє. Щоб вирішити цю проблему, заповніть поле дійсним вмістом"
50002,"Значення '{0}' повинно бути більше, ніж {1}.",Введене значення в поле менше мінімального значення. Введіть дійсне значення
50003,"Значення '{0}' повинно бути менше, ніж {1}.",Введене значення в полі перевищує максимальне значення. Введіть дійсне значення
50004,"Очікуване значення з точністю = {0} для поля '{1}'","Точність введеного значення має бути вищою за мінімальну. Будь ласка, зверніть увагу на налаштування поля"
50005,Порожній список підписів,"Список підписів на конверті порожній. Будь ласка, додайте блок підписів перед відправкою запиту"
50006,"Неочікуване значення '{0}' для поля '{1}'. Дозволено: {2},{3}.","Введене значення не відповідає жодному з допустимих значень. Будь ласка, зверніться до властивостей поля для уточнення допустимих значень"
50007,Не для всіх ролей коректно встановлено mailboxUuid,"Ця помилка виникає, якщо якась роль не має валідного uuid поштової скриньки на конверті"
50008,Не для всіх ролей встановлено правильний ідентифікатор,"Ця помилка виникає, якщо якась роль не має дійсного ідентифікатора ролі на конверті"
50009,Тема конверта не відповідає дійсності: {0},"Тема конверта порожня або недійсна. Тема конверта не повинна містити заборонених символів: [\/: ""*?<>|p{C}]+"
50010,"У шаблоні для ролі «{0}» є попередньо визначена поштова скринька, яку неможливо змінити",UUID поштової скриньки попередньо визначено для певної ролі в шаблоні та не може бути змінено
50011,Конверт {0} не знайдено,"Конверт з введеним UUID не знайдено. Будь ласка, перевірте правильність введених даних"
50012,Потрібен конверт templateUuid або templateVersion,для цього запиту необхідний UUID шаблону або UUID версії шаблону
50013,Згенерований конверт має інший шаблонUuid,Сформований конверт має інший шаблонний UUID в даних конверту або в параметрі запиту
50014,Згенерований конверт має іншу versionUuid,Сформований конверт має іншу версію шаблону UUID в даних конверту або в параметрі запиту
50015,"Невірне значення '{0}' поля '{1}', очікується '{2}'","Введене значення не відповідає формату дати. Будь ласка, введіть значення у форматі дати YYYY-MM-DD"
50016,"У шаблоні не знайдено конверт-документ з ідентифікатором '{0}'",Документ у конверті має неправильний ідентифікатор
50017,Конвертний документ {0} не знайдено в структурі XML,Документ не знайдено в XML структурі конверту
50018,Відправник конверта не знайдений,Відправник не знайшов в XML структурі конверта
50019,Скомпільований документ {0} не знайдено в сховищі файлів,"Документ, який було сформовано, не знайдено у файловому сховищі. Спробуйте відновити документ"
50020,Мітка {0} не знайдена,Мітка з певним UUID не знайдена
50021,Поле вкладення конверта не знайдено в документі {0},"У документі не знайдено зовнішнє вкладення документа. Будь ласка, перевірте завантажений документ і надішліть його ще раз"
50022,Дубльована назва поля: {0},"Назви полів дублюються. Будь ласка, змініть назву поля, оскільки дублювання назв заборонено"
50023,Таблиця повинна мати принаймні один рядок,Таблиця повинна мати принаймні в одному рядку
50024,Підпис {0} у документі {1} зроблено не з використанням ключа печатки,"Неможливо поставити штамп на документ без використання ключа штампа. Щоб встановити штамп, будь ласка, використовуйте ключ із штампом"
50025,Наразі це не активна роль підписувача в конверті,Не час щось підписувати
50026,Сукупний розмір вкладених файлів конверта перевищує обмеження,"Сукупний розмір вкладень, завантажених у конверт, перевищує допустимий розмір"
50027,Дубльовані IDs вкладених файлів: {0},Ідентифікатори вкладень дублюються в документі. Ідентифікатори вкладень повинні бути унікальними
50028,Джерело пошуку не знайдено,"Джерело поля пошуку не знайдено. Перевірте, будь ласка, що словник або значення в словнику все ще доступні"
50029,Шукане значення не збігається,"Значення поля пошуку в запиті не збігається зі значенням у словнику. Будь ласка, перевірте свій запит, порівняйте зі словником і надішліть ще раз"
50030,"Невірне значення '{0}' для числового значення поля '{1}'",У числовому полі введено невірний формат значення. Числове поле приймає тільки числові значення
50031,Підписувати документ не потрібно {0},Відсутній підпис для певної поштової скриньки або не настала черга цієї поштової скриньки для підписання
50032,"Виникла помилка перевірки підпису з типом '{0}' та повідомлення: {1}","Будь ласка, перевірте дані підписів у запиті"
50033,Немає даних XML для конверта,"Будь ласка, перевірте XML дані конверта в запиті"
50034,"Невідповідність типу файлу вкладення '{0}'","Тип прикріпленого файлу не відповідає дозволеним типам файлів. Дозволені типи файлів: pdf, doc, docx, xls, xlsx, xml, dbf, txt, rtf, png, jpg, jpeg, zip. Дозволені типи файлів можуть бути згорнуті відповідно до налаштувань полів у шаблоні."
50035,Поштова скринька більше не має доступу до конверту,Доступ до конверту відкликано
50036,Неможливо заархівувати конверт в не остаточному статусі: {0},"Неможливо архівувати конверт, якщо він не має остаточного статусу, наприклад, ЗАВЕРШЕНО, СКАСОВАНО або ЗАКІНЧЕНО"
50037,"Погане base64 значення поля '{0}'","Двійковий файл є дійсним, будь ласка, перевірте, чи намагаєтесь ви надіслати файл у форматі BASE64."
50038,"Очікуваний тип зображення '{0}' для поля '{1}'",Формат типу зображення неправильний. Зверніть увагу на формат файлу в коді помилки та використовуйте відповідний формат файлу в цьому полі.
50039,Максимальний очікуваний розмір зображення: {0} x {1},"Розмір зображення не відповідає максимальним обмеженням ширини та висоти. Будь ласка, використовуйте зображення розміром меншим за максимальні значення."
50040,Простий електронний підпис не створено,"Зображення SES невірне. Будь ласка, переконайтеся, що зображення має принаймні 15 пікселів зафарбованої області"
50041,Файл Attachment {0} не знайдено,"Вкладення з введеним UUID не знайдено. Будь ласка, перевірте правильність введеного значення"
50042,Файл {0} не знайдено для конверта {1},"Файл з введеним UUID не знайдено у введеному конверті. Будь ласка, перевірте правильність введених значень"
50043,У запиті відсутній конверт UUID,"Будь ласка, перевірте UUID конверту в запиті"
50044,Таке маркування вже існує,"Етикетка з відповідною назвою вже існує. Будь ласка, використовуйте існуючу або створіть нову з іншою назвою"
50045,Знайдено роль без визначення Uuid поштової скриньки,Одна з ролей не має UUID поштової скриньки в даних конверта
50046,"Не знайдено даних для підпису '{0}' у документі '{1}'","Поле для підпису не містить даних для підпису, будь ласка, перевірте правильність заповнення необхідного поля для підпису"
50047,Підписанти не збігаються для підпису {0},"PDF та текстові файли підписані різними підписантами, будь ласка, підпишіть документ одним підписантом та надішліть запит повторно"
50048,Дані підпису не знайдено для джерела {0} у документі {1},Підпис у переліку підписів відсутній
50049,Немає активної ролі для поштової скриньки {0},"UUID поштової скриньки, на яку ви намагаєтесь відправити запит, не має активної ролі в даному конверті. Будь ласка, дочекайтеся своєї черги."
50050,Конверт має неправильний статус,Статус конверта не відповідає даній дії і не може бути оброблений.
50051,Додаток вже використовується,Вкладення з введеним UUID вже використовувалося в цьому конверті
50052,Сертифікат не має права підпису {0} в документі {1},"Необхідний кваліфікований сертифікат для підпису даних, але не кваліфіковано використовується"
50053,Конверт із запрошенням {0} не знайдено,"Конверт із запрошенням не знайдено, дані не відповідають дійсності"
50054,Список прийнятих конвертів порожній,Список UUID для акцепту порожній
50055,Запрошень на конверти {0} не знайдено,Деякі конверти запитів не містять запрошень для цього користувача
50056,"Не вдається підтвердити запрошення, конверт {0} знаходиться у стадії завершення",Конверт для запрошення знаходиться у стадії завершення
50057,Не знайдено ролі для запрошення в конверті {0},Конверт не має значення для електронної пошти
50058,Роль недоступна для обробки {0},Конверт не має значення для електронної пошти
50059,Значення ІПН не знайдено для підпису {0},Під час підписання не виявлено збігу значень ІПН
50060,Очікуваний IІПН не збігається з номером для підпису {0} в документі {1},"Документ підписано невірним підписом, будь ласка, перевірте ІПН"
50061,Сценарій конверта немає доступних кроків,Сценарій конверта немає доступних кроків
50062,Неможливо продовжити сценарій з незаповненим конвертом,Неможливо продовжити сценарій з незаповненим конвертом
50063,Конверт не містить інформації про сценарій,Конверт не містить інформації про сценарій
50064,Батьківський елемент повторюваного поля {0} не знайдено,Дубльоване поле не має батьківського поля в конверті
50065,Шаблон {0} не відповідає шаблону конверта {1},"Переконайтеся, що шаблони збігаються"
50066,"Для поля '{0}' повинен бути заповнений UUID запису","Будь ласка, заповніть атрибут 'recordUuid' відповідним значенням"
50067,"UUID вкладення має бути заповнено для поля ""{0}""",Заповніть атрибут ‘attachmentUuid’ належним значенням
50068,"Необхідно вказати мітку UUID або ім'я","Будь ласка, заповніть параметр запиту 'label' або 'labelUuid'"
50069,"Недостатньо UUID, потрібно принаймні {0}",У запиті недостатньо UUID для об’єднання/додавання в ланцюг
50070,Відсутність доступу до ланцюга,Поштова скринька не має доступу до будь-якого конверта в цьому ланцюжку UUID
50071,Конверт {0} належить іншому ланцюжку,Конверт належить до іншого ланцюга
50072,Конверт доданий в ланцюжок іншим користувачем,Поточний користувач не має права видаляти конверт з ланцюжка
50073,Конверти належать до різних ланцюгів,Конверти належать до різних ланцюгів
50074,Конверт належить до автоматично створеного ланцюжка,Конверт належить до автоматично створеного ланцюжка
50075,Затверджувачі не можуть брати участь в опрацюванні конвертів,Один або декілька схвалювачів вже знаходяться в основному потоці
50076,Затвердження на конверті не допускається,"Користувач не може підтвердити конверт, можливо, це вже зроблено"
50077,Для погодження необхідна причина відмови,"Будь ласка, додайте коментар для затвердження"
50078,Неправильний статус затвердження,"Будь ласка, надішліть належний статус, надішліть ЗАТВЕРДЖЕНО або ВІДХИЛЕНО"
50079,Ролі не відповідають шаблонним ролям,"Будь ласка, перевірте надісланий конверт у форматі XML для належного проходження"
50080,Схвалення {0} не знайдено,Для цього конверта не знайдено схвалення з введеним UUID
50081,Неможливо керувати чи почати/скасувати схвалення,Поточна поштова скринька не може керувати або почати/скасувати затвердження
50082,Схвалення не може бути скасовано,"Процес схвалення вже завершено, і його не можна скасувати"
50083,Поштова скринька має бути унікальною в затвердженні,"Будь ласка, оновіть потік"
50084,UUID потоку або затверджувачів повинні бути вказані окремо,"Будь ласка, надішліть flowUuid або затверджувачів"
50085,Видалено потік узгодження {0},Потік затвердження з введеним UUID видаляється і не може бути використаний
50086,Одобрювач {0} вже перебуває в іншому потоці схвалення для цього конверту,Затверджувачі не можуть брати участь у декількох потоках на один конверт
50087,Дублікат значення не збігається,"Значення дублюючого поля в запиті не збігається зі значенням пов'язаного поля"
50089,Конверт не може бути делегований,Делегування в конверті заборонено
50090,Делегат не може відкликати делегацію,Скасувати її може лише ініціатор делегування
50091,Делегацію не знайдено або роль ініціатора вже виконано,"Будь ласка, перевірте роль делегації"
50092,Делегування або конверт вже заповнений,Подальші дії заборонені
50093,Поле одержувача має бути UUID або email,"Будь ласка, перевірте формат поля ""одержувач"
50094,Пошук за параметрами поля має неправильний формат,Пошук за параметрами поля має неправильний формат
50095,Лише відправник може надсилати сповіщення,Цей користувач не може надсилати сповіщення електронною поштою. Лише відправник може повідомити ще невиконані ролі
50096,Немає конвертів для сповіщення,На конверти вже надіслано повідомлення
50097,Документ не має версії для друку,"Тільки PDF, DOC, DOCX можуть мати версію для друку"
50098,Лише заповнені конверти можна надсилати електронною поштою,"Будь ласка, надсилайте лише заповнені UUID конверта"
50099,Для спільного використання дозволено лише {0} конвертів,"Будь ласка, зменшіть кількість конвертів"
50100,Деякі стовпці не можна видалити або приховати,Деякі стовпці мають бути видимими
50101,"Файл '{0}' не можна редагувати, оскільки він уже має цифрові підписи","Будь ласка, виберіть інший файл"
50102,"Файл '{0}' зашифровано","Будь ласка, виберіть інший файл"
50103,"Немає стовпця '{0}' для сортування",Неправильне поле сортування
**ДОВІДНИК**,,
60001,Словник {0} не знайдено,"Словник з введеним UUID не знайдено. Будь ласка, перевірте правильність введених даних"
60002,Розмір імені словника перевищив максимальний розмір,Довжина назви словника перевищує максимально допустиму. Ліміт 128 символів.
60003,Довжина опису словника перевищила ліміт,Довжина опису словника перевищує максимально допустиму. Ліміт 256 символів.
60004,"Ім'я словника не може бути порожнім","Ім'я словника є обов'язковим і не може бути порожнім. Будь ласка, задайте назву словника"
60005,Колонка словника не знайдена,Стовпчик словника з введеним UUID не знайдено в цьому словнику
60006,Порожній стовпець UUID,"Колонка UUID є обов'язковим параметром для цього запиту. Будь ласка, введіть стовпець UUID для створення коректного запиту"
60007,Значення стовпця словника не знайдено,"Значення стовпця словника з UUID в запиті не знайдено в базі даних. Будь ласка, перевірте коректність вашого запиту"
60008,Словниковий запис {0} не знайдено,Словникової статті з введеним UUID в цьому словнику не знайдено
60009,Словник {0} заархівовано,Словник із введеними UUID заархівовано
60010,Значення стовпців не співпадає,"Значення в стовпці словника та в даних запиту, який ви надсилаєте, не збігаються. Будь ласка, перевірте значення в словнику."
60011,Порожнє спеціальне значення заборонено,Спеціальне значення не може бути пустим для поля словника. Виберіть і надішліть значення зі словника або надішліть власне значення.
60012,UUID стовпця не встановлено,Поле «Словник» у шаблоні не має стовпця UUID словника. Оновіть шаблон і уточніть стовпець UUID для поля словника або видаліть поле словника
60013,UUID словника не встановлено,Поле словника в шаблоні не має UUID словника. Оновіть шаблон і уточніть UUID словника для поля словника або видаліть поле словника
60014,Словник повинен бути заблокований для обробки,Словник заблоковано для оновлення. Наразі його неможливо оновити. Оновлення словника може зайняти деякий час.
60015,"Очікувалося {0} значень у кожному рядку, але отримано {1}","У документі, який ви намагалися завантажити, кількість стовпців і рядків відрізняється, перевірте файл на дійсність."
60016,Запис словника повинен містити значення стовпців,"Запис словника не містить значення стовпця в запиті. Будь ласка, перевірте свій запит, порівняйте з документацією та надішліть ще раз"
60017,Не вдається змінити доступ до словника на офіційний,Рівень доступу до словника не можна змінити на офіційний. Тільки користувач системи може змінити рівень доступу на офіційний
60018,Даний формат файлу не підтримується,"Введений формат файлу не підтримується. Підтримувані формати файлів: CSV, XLS"
60019,Словник заблоковано,Словник заблоковано на оновлення. Оновлення може зайняти деякий час. Під час оновлення словник не може бути змінений
60020,Назва стовпця не може бути порожньою,"Назва стовпця є обов'язковою і не може бути порожньою. Будь ласка, задайте назву стовпця"
60021,Довжина назви стовпця перевищила обмеження,Довжина імені стовпця перевищує максимально допустиму. Ліміт 64 символи.
60022,Порядок стовпців повинен бути >= 0,"Порядок стовпця не може бути меншим або дорівнювати 0. Будь ласка, введіть додатне значення порядку"
60023,Перевищено обмеження довжини значення стовпця,Довжина значення запису перевищує максимально допустиму. Ліміт 256 символів.
60024,Порожній словник UUID,"Обов'язковий параметр UUID словника, якщо в запиті пусто. Будь ласка, введіть дійсний UUID словника"
60025,Запис словника не знайдено за значенням «{0}» у стовпці {1},Запису з таким значенням у словнику немає
60026,Не вдається видалити останній стовпець,Словник повинен мати принаймні одну колонку. Останній стовпець не можна видалити зі словника.
60027,Немає доступу до словника,Немає доступу до словника
60028,Робота фільтра невідома,Робота фільтра невідома
60029,Значення фільтра дорівнює нулю,Робота фільтра невідома
60030,Завдання експорту словника не збігаються,Завдання експорту словника не збігаються
60031,Ширина стовпця словника має бути більше або дорівнювати 140,Ширина стовпця словника має бути більше або дорівнювати 140
**ІНТЕГРАЦІЯ**,,
80001,Видалено правило інтеграції {0},Видалено правило інтеграції з введеним UUID
80002,Правило інтеграції {0} не знайдено,Правило інтеграції з введеним UUID не знайдено або не існує
80003,Інтеграцію не знайдено для поштової скриньки {0},Конфігурація інтеграції не знайдена для введеного UUID поштової скриньки
80004,"Шаблон імені генерує порожнє ім'я файлу","Не вдається згенерувати ім'я файлу"
80005,templateUuid не відповідає versionUuid,"UUID шаблону не відповідає UUID версії шаблону. Будь ласка, порівняйте UUID шаблону та версії"
80006,Протокол {0} не підтримується,"Введений протокол ще не підтримується. Підтримувані протоколи: SFTP, FTPS, AS2, SOAP"
80007,Потрібне відповідне джерело шаблону,"У цьому запиті обов'язковим є відповідне джерело шаблону"
80008,Потрібен шаблон Uuid,"У цьому запиті обов'язковий Template UUID"
80009,Потрібна версія шаблону Uuid,"У цьому запиті обов'язкова версія UUID Template"
80010,Потрібне правило перетворення,У цьому запиті обов’язкове правило перетворення
80011,Потрібне правило шаблону іменування,У цьому запиті обов’язкове правило шаблону іменування
80012,"Джерело обов'язкове",У цьому запиті необхідно вказати джерело
**ДОЗВОЛИ**,,
90002,Ви не маєте достатніх привілеїв для облікового запису {0},"У користувача недостатньо прав для виконання цієї дії. Будь ласка, попросіть свого системного адміністратора надати дозвіл"
90003,У вас недостатньо привілеїв у поштовій скриньці {0},Користувач не має достатніх прав для виконання цієї дії. Зверніться до системного адміністратора з проханням надати права
90004,Гостьовий користувач не має доступу до жодної поштової скриньки,"Користувач не має доступу до жодної поштової скриньки. Будь ласка, додайте доступ до будь-якої поштової скриньки або вхід для користувача, який має доступ"
90005,Неможливо зробити з системним обліковим записом,Користувач не має достатніх прав для модифікації системних даних
90006,Не можу працювати з системною поштовою скринькою,Користувач не має достатніх привілеїв для модифікації системних даних
90007,Поштова скринька не має доступу до мітки,Поштова скринька не має доступу до мітки
90008,Немає доступу до словника {0},Словник недоступний для вас. Попросіть власника словника оновити рівень доступу
90009,Немає доступу до шаблону {0},Шаблон для вас недоступний. Попросіть власника шаблону оновити рівень доступу
90010,Немає доступу до батьківської категорії,Батьківська категорія для вас недоступна. Попросіть власника категорії оновити рівень доступу
90011,Немає доступу до категорії,Категорія недоступна для вас. Попросіть власника категорії оновити рівень доступу
90012,Відсутність доступу до повідомлень,Повідомлення недоступне для вас
90013,Немає доступу до поштової скриньки {0},Користувач не має доступу до цієї поштової скриньки. Попросіть вашого системного адміністратора надати дозволи
90014,Немає доступу до поштової скриньки {0}. Відсутні дозволи: {1},Користувач не має доступу до певних функцій цієї поштової скриньки. Попросіть свого системного адміністратора надати дозволи. Пропущені дозволи можна знайти в повідомленні про помилку
90015,Немає доступу до конверту {0},"Користувач не має доступу до цього конверта. Конверти можуть переглядати тільки користувачі, які включені в потік обробки"
90017,Роль конверта забороняє змінювати дані,"Роль конверта не може змінювати дані в конверті. Якщо ви хочете змінити дані в конверті, встановіть відповідну роль на шаблоні"
90018,Немає доступу до облікового запису {0},Користувач не має доступу до цього облікового запису. Попросіть вашого системного адміністратора надати права
90019,Заголовок поштової скриньки не відповідає UUID поштової скриньки,"Будь ласка, перевірте приналежність організації до поточної поштової скриньки"
90022,Немає доступу до завдання імпорту,Користувач не має доступу до завдання імпорту
90026,Відсутність доступу до вкладення,Вкладення для вас недоступне
90030,Не можна відкликати останнього власника,Ви не можете відкликати останнього власника організації
90031,Не є власником сценарію,Користувач не є власником сценарію
90032,Немає доступу до сценарію,Немає доступу для читання сценарію
90033,Змінювати коментар може тільки автор,Немає доступу для запису до коментаря
**СЦЕНАРІЇ**,,
100001,Назва сценарію не може бути порожньою,Назва сценарію не може бути порожньою або NULL
100002,Опис сценарію не може бути порожнім,Опис сценарію не може бути порожнім або нульовим
100003,Рівень доступу сценарію не може бути порожнім,"Рівень доступу до сценарію не може бути порожнім або нульовим. Доступ може бути чотирьох типів: mailbox, account, pub та official"
100004,Id не може бути порожнім,Ідентифікатор кроку сценарію не може бути порожнім або нульовим
100005,Назва кроку сценарію не може бути порожньою,Назва кроку сценарію не може бути порожньою або нульовою
100006,XSLT-карта кроку сценарію не може бути порожньою,XSLT-карта кроку сценарію не може бути порожньою або NULL
100007,Потрібні кроки,Сценарій повинен мати щонайменше 1 крок
100008,UUID шаблону кроку сценарію не може бути порожнім,Шаблон сценарію uuid не повинен бути порожнім
100009,Версія шаблону кроку сценарію не може бути порожньою,Версія шаблону сценарію не повинна бути порожньою або нульовою
100010,Не вдалося зберегти,Збереження сценарію не вдалося
100011,Сценарій {0} не знайдено,Сценарій не знайдено
100012,Сценарій {0} видалено,Сценарій видалено
100013,Не вдається створити або оновити сценарій доступу до офіційного,Сценарний рівень доступу не може бути змінений на офіційний рівень доступу. Змінити рівень доступу на офіційний може тільки користувач системи
100014,Крок {0} недоступний на даному етапі,Крок не доступний на даному етапі
100015,Перший крок не може мати вихідного шаблону,Перший крок не може мати вихідного шаблону
100016,Крок призначення не може бути порожнім,Перший крок не може мати вихідного шаблону
100017,Крок {0} джерело не може бути порожнім,Джерело кроку не може бути порожнім
100018,Крок {0} призначення не збігається з результатом,Призначення кроку не збігається з результатом
100019,Дубльований ідентифікатор кроку {0},Дубльований ідентифікатор кроку
100020,Крок {0} джерело не збігається з жодним попереднім пунктом призначення,"Будь ласка, ознайомтеся з порядком дій"
100021,Довжина назви сценарію не може бути більше 256,Назва сценарію не може бути більше 256
100022,Довжина опису сценарію не може бути більше 256,Опис сценарію не може бути більше 256
100023,Довжина ідентифікатора кроку сценарію не може бути більше 256,Довжина ідентифікатора кроку сценарію не може бути більше 256
100024,Довжина назви кроку сценарію не може бути більше 256,Довжина назви кроку сценарію не може бути більше 256
100025,Умова сценарію не може бути застосована,"Умова сценарію неправильна, перевірте відображення XSLT"
**ЗОВНІШНІ ЗВ`ЯЗКИ**,,
110001,"Ім'я посилання не може бути порожнім","Ім'я посилання є обов'язковим і не може бути порожнім. Будь ласка, вкажіть назву посилання"
110002,Розмір імені посилання перевищив максимальний розмір,Розмір назви посилання перевищує максимально допустимий. Ліміт 255 символів.
110003,Адреса посилання не може бути порожньою,Адреса посилання не може бути порожньою
110004,Порядок посилань має бути позитивним або нульовим,Порядок посилань має бути позитивним або нульовим
110005,Рівень доступу до посилання не може бути публічним,Рівень доступу до посилання не може бути публічним
110006,"UUID поштової скриньки потрібен, якщо рівень доступу за посиланням – поштова скринька","UUID поштової скриньки потрібен, якщо рівень доступу за посиланням – поштова скринька"
110007,Посилання {0} не знайдено,Посилання не знайдено за UUID
110008,Посилання {0} для іншого облікового запису,Посилання не належить цьому акаунту.
110009,Посилання має невірну URL-адресу,"Посилання має невірну URL-адресу. Будь ласка, виправте"
110010,Не можна використовувати доступ за офіційним посиланням,Неможливо скористатися офіційним посиланням
**БІЛЛІНГ**,,
120001,Тариф {0} не знайдено в білінговій системі,Тариф не знайдено для рахунку
120002,Ви не можете змінювати тарифний план так часто,"Ви не можете так часто змінювати тарифний план. Будь ласка, спробуйте наступного дня"
120003,"Ліміт вже досягнуто. Можливо, ви захочете оновити свій тарифний план","Ліміт вже досягнуто. Можливо, ви захочете оновити свій тарифний план"
120004,"Ліміт ({0}) вже досягнуто. Можливо, ви захочете оновити свій тарифний план","Ліміт вже досягнуто. Можливо, ви захочете оновити свій тарифний план"
120005,"Акція недоступна у вашому тарифному плані. Можливо, ви захочете розглянути можливість переходу на тарифний план","Ліміт вже досягнуто. Можливо, ви захочете оновити свій тарифний план"
120006,"Цей тарифний план не можна вибрати. Ліміт «{0}» перевищено. Кількість у вашому обліковому записі становить {1}, але не має перевищувати {2}",Виберіть інший тариф або змініть обліковий запис